{"gameDetails":{"round":0,"mapWidth":8,"mapHeight":4,"buildingPrices":{"DEFENSE":30,"ENERGY":20,"ATTACK":30}},"players":[{"playerType":"A","energy":20,"health":100,"hitsTaken":0,"score":0},{"playerType":"B","energy":20,"health":100,"hitsTaken":0,"score":0}],"gameMap":[[{"x":0,"y":0,"buildings":[],"missiles":[],"cellOwner":"A"},{"x":1,"y":0,"buildings":[],"missiles":[],"cellOwner":"A"},{"x":2,"y":0,"buildings":[],"missiles":[],"cellOwner":"A"},{"x":3,"y":0,"buildings":[],"missiles":[],"cellOwner":"A"},{"x":4,"y":0,"buildings":[],"missiles":[],"cellOwner":"B"},{"x":5,"y":0,"buildings":[],"missiles":[],"cellOwner":"B"},{"x":6,"y":0,"buildings":[],"missiles":[],"cellOwner":"B"},{"x":7,"y":0,"buildings":[],"missiles":[],"cellOwner":"B"}],[{"x":0,"y":1,"buildings":[],"missiles":[],"cellOwner":"A"},{"x":1,"y":1,"buildings":[],"missiles":[],"cellOwner":"A"},{"x":2,"y":1,"buildings":[],"missiles":[],"cellOwner":"A"},{"x":3,"y":1,"buildings":[],"missiles":[],"cellOwner":"A"},{"x":4,"y":1,"buildings":[],"missiles":[],"cellOwner":"B"},{"x":5,"y":1,"buildings":[],"missiles":[],"cellOwner":"B"},{"x":6,"y":1,"buildings":[],"missiles":[],"cellOwner":"B"},{"x":7,"y":1,"buildings":[],"missiles":[],"cellOwner":"B"}],[{"x":0,"y":2,"buildings":[],"missiles":[],"cellOwner":"A"},{"x":1,"y":2,"buildings":[],"missiles":[],"cellOwner":"A"},{"x":2,"y":2,"buildings":[],"missiles":[],"cellOwner":"A"},{"x":3,"y":2,"buildings":[],"missiles":[],"cellOwner":"A"},{"x":4,"y":2,"buildings":[],"missiles":[],"cellOwner":"B"},{"x":5,"y":2,"buildings":[],"missiles":[],"cellOwner":"B"},{"x":6,"y":2,"buildings":[],"missiles":[],"cellOwner":"B"},{"x":7,"y":2,"buildings":[],"missiles":[],"cellOwner":"B"}],[{"x":0,"y":3,"buildings":[],"missiles":[],"cellOwner":"A"},{"x":1,"y":3,"buildings":[],"missiles":[],"cellOwner":"A"},{"x":2,"y":3,"buildings":[],"missiles":[],"cellOwner":"A"},{"x":3,"y":3,"buildings":[],"missiles":[],"cellOwner":"A"},{"x":4,"y":3,"buildings":[],"missiles":[],"cellOwner":"B"},{"x":5,"y":3,"buildings":[],"missiles":[],"cellOwner":"B"},{"x":6,"y":3,"buildings":[],"missiles":[],"cellOwner":"B"},{"x":7,"y":3,"buildings":[],"missiles":[],"cellOwner":"B"}]]}