{"gameDetails":{"round":5,"mapWidth":8,"mapHeight":4,"buildingPrices":{"DEFENSE":30,"ENERGY":20,"ATTACK":30}},"players":[{"playerType":"B","energy":45,"health":100,"hitsTaken":0,"score":25},{"playerType":"A","energy":20,"health":100,"hitsTaken":0,"score":42}],"gameMap":[[{"x":0,"y":0,"buildings":[{"health":5,"constructionTimeLeft":-1,"price":20,"weaponDamage":0,"weaponSpeed":0,"weaponCooldownTimeLeft":0,"weaponCooldownPeriod":0,"destroyMultiplier":1,"constructionScore":1,"energyGeneratedPerTurn":3,"buildingType":"ENERGY","x":0,"y":0,"playerType":"A"}],"missiles":[],"cellOwner":"A"},{"x":1,"y":0,"buildings":[],"missiles":[],"cellOwner":"A"},{"x":2,"y":0,"buildings":[],"missiles":[],"cellOwner":"A"},{"x":3,"y":0,"buildings":[],"missiles":[],"cellOwner":"A"},{"x":4,"y":0,"buildings":[],"missiles":[],"cellOwner":"B"},{"x":5,"y":0,"buildings":[],"missiles":[],"cellOwner":"B"},{"x":6,"y":0,"buildings":[],"missiles":[],"cellOwner":"B"},{"x":7,"y":0,"buildings":[],"missiles":[],"cellOwner":"B"}],[{"x":0,"y":1,"buildings":[{"health":5,"constructionTimeLeft":-1,"price":20,"weaponDamage":0,"weaponSpeed":0,"weaponCooldownTimeLeft":0,"weaponCooldownPeriod":0,"destroyMultiplier":1,"constructionScore":1,"energyGeneratedPerTurn":3,"buildingType":"ENERGY","x":0,"y":1,"playerType":"A"}],"missiles":[],"cellOwner":"A"},{"x":1,"y":1,"buildings":[],"missiles":[],"cellOwner":"A"},{"x":2,"y":1,"buildings":[],"missiles":[],"cellOwner":"A"},{"x":3,"y":1,"buildings":[],"missiles":[],"cellOwner":"A"},{"x":4,"y":1,"buildings":[],"missiles":[],"cellOwner":"B"},{"x":5,"y":1,"buildings":[],"missiles":[],"cellOwner":"B"},{"x":6,"y":1,"buildings":[],"missiles":[],"cellOwner":"B"},{"x":7,"y":1,"buildings":[],"missiles":[],"cellOwner":"B"}],[{"x":0,"y":2,"buildings":[],"missiles":[],"cellOwner":"A"},{"x":1,"y":2,"buildings":[],"missiles":[],"cellOwner":"A"},{"x":2,"y":2,"buildings":[],"missiles":[],"cellOwner":"A"},{"x":3,"y":2,"buildings":[],"missiles":[],"cellOwner":"A"},{"x":4,"y":2,"buildings":[],"missiles":[],"cellOwner":"B"},{"x":5,"y":2,"buildings":[],"missiles":[],"cellOwner":"B"},{"x":6,"y":2,"buildings":[],"missiles":[],"cellOwner":"B"},{"x":7,"y":2,"buildings":[],"missiles":[],"cellOwner":"B"}],[{"x":0,"y":3,"buildings":[],"missiles":[],"cellOwner":"A"},{"x":1,"y":3,"buildings":[],"missiles":[],"cellOwner":"A"},{"x":2,"y":3,"buildings":[],"missiles":[],"cellOwner":"A"},{"x":3,"y":3,"buildings":[],"missiles":[],"cellOwner":"A"},{"x":4,"y":3,"buildings":[],"missiles":[],"cellOwner":"B"},{"x":5,"y":3,"buildings":[],"missiles":[],"cellOwner":"B"},{"x":6,"y":3,"buildings":[],"missiles":[],"cellOwner":"B"},{"x":7,"y":3,"buildings":[],"missiles":[],"cellOwner":"B"}]]}